Stephen Curry, normal, 37457154.0, normal, 40231758.0, normal, 43006362.0, normal,45780966.0, normal, 0.0, normal,0.0
Russell Westbrook,normal,35665000.0,normal,38150000.0,normal,40600000.0,normal,0.0,normal,0.0,normal,0.0
Lebron James,normal,35654150.0,normal,37436858.0,normal,39219566.0,player_option,41002274.0,normal,0.0,normal,0.0
Blake Griffin,normal,31873932.0,normal,34234964.0,normal,36595996.0,normal,38957028.0,normal,0.0,normal,0.0
Gordon Hayward,normal,31214295.0,normal,32700690.0,player_option,34187085.0,normal,0.0,normal,0.0,normal,0.0
Kyle Lowry,normal,31000000.0,normal,33296296.0,normal,0.0,normal,0.0,normal,0.0,normal,0.0
James Harden,normal,30570000.0,normal,38150000.0,normal,40600000.0,normal,0.0,normal,0.0,normal,0.0
Mike Conley,normal,30521115.0,normal,32511623.0,normal,34502130.0,normal,0.0,normal,0.0,normal,0.0
Kevin Durant,normal,30000000.0,normal,0.0,normal,0.0,normal,0.0,normal,0.0,normal,0.0
Paul Millsap,normal,29230769.0,team_option,0.3,normal,0.0,normal,0.0,normal,0.0,normal,0.0
Al Horford,normal,28928710.0,player_option,30123015.0,normal,0.0,normal,0.0,normal,0.0,normal,0.0
Damian Lillard,normal,27977689.0,normal,29802321.0,normal,31626953.0,normal,0.0,normal,0.0,normal,0.0
Carmelo Anthony,normal,27928140.0,normal,0.0,normal,0.0,normal,0.0,normal,0.0,normal,0.0
DeMar DeRozan,normal,27739975.0,normal,27739975.0,normal,27739975.0,normal,0.0,normal,0.0,normal,0.0
Chris Bosh,normal,26837720.0,normal,0.0,normal,0.0,normal,0.0,normal,0.0,normal,0.0
Jrue Holiday,normal,26131111.0,normal,26131111.0,normal,26131111.0,player_option,27020000.0,normal,0.0,normal,0.0
Otto Porter,normal,26011913.0,normal,27250576.0,player_option,28489239.0,normal,0.0,normal,0.0,normal,0.0
CJ McCollum,normal,25759766.0,normal,27556959.0,normal,29354152.0,normal,0.0,normal,0.0,normal,0.0
Andrew Wiggins,normal,25467520.0,normal,27250000.0,normal,29000000.0,normal,0.0,normal,0.0,normal,0.0
Joel Embiid,normal,25467520.0,normal,27250000.0,normal,29000000.0,normal,0.0,normal,0.0,normal,0.0
Anthony Davis,normal,25434263.0,normal,27093019.0,player_option,28751775.0,normal,0.0,normal,0.0,normal,0.0
Andre Drummond,normal,25434262.0,normal,27093018.0,player_option,28751774.0,normal,0.0,normal,0.0,normal,0.0
Bradley Beal,normal,25434262.0,normal,27093018.0,normal,28751774.0,normal,0.0,normal,0.0,normal,0.0
Hassan Whiteside,normal,24434262.0,normal,27093018.0,normal,0.0,normal,0.0,normal,0.0,normal,0.0
Giannis Antetokounmpo,normal,24157304.0,normal,25842697.0,normal,27528088.0,normal,0.0,normal,0.0,normal,0.0
Steven Adams,normal,24157304.0,normal,25842697.0,normal,27528088.0,normal,0.0,normal,0.0,normal,0.0
Kevin Love,normal,24119025.0,player_option,25595700.0,normal,0.0,normal,0.0,normal,0.0,normal,0.0
Marc Gasol,normal,24119025.0,player_option,25595700.0,normal,0.0,normal,0.0,normal,0.0,normal,0.0
Harrison Barnes,normal,24107258.0,player_option,25102512.0,normal,0.0,normal,0.0,normal,0.0,normal,0.0
Chandler Parsons,normal,24107258.0,normal,25102512.0,normal,0.0,normal,0.0,normal,0.0,normal,0.0
Nicolas Batum,normal,24000000.0,normal,25565217.0,player_option,27130434.0,normal,0.0,normal,0.0,normal,0.0
Dwight Howard,normal,23500000.0,normal,0.0,normal,0.0,normal,0.0,normal,0.0,normal,0.0
Rudy Gobert,normal,22741573.0,normal,24258427.0,normal,25775281.0,normal,0.0,normal,0.0,normal,0.0
LaMarcus Aldridge,normal,22347015.0,normal,26000000.0,normal,24000000.0,normal,0.0,normal,0.0,normal,0.0
Serge Ibaka,normal,21666667.0,normal,23271604.0,normal,0.0,normal,0.0,normal,0.0,normal,0.0
Aaron Gordon,normal,21590909.0,normal,19863636.0,normal,18136364.0,normal,16409091.0,normal,0.0,normal,0.0
Danilo Gallinari,normal,21587579.0,normal,22615559.0,normal,0.0,normal,0.0,normal,0.0,normal,0.0
Victor Oladipo,normal,21000000.0,normal,21000000.0,normal,21000000.0,normal,0.0,normal,0.0,normal,0.0
Ryan Anderson,normal,20421546.0,normal,21264637.0,normal,0.0,normal,0.0,normal,0.0,normal,0.0
Kyrie Irving,normal,20099189.0,player_option,21329752.0,normal,0.0,normal,0.0,normal,0.0,normal,0.0
Kawhi Leonard,normal,20099188.0,player_option,21329750.0,normal,0.0,normal,0.0,normal,0.0,normal,0.0
Jimmy Butler,normal,19841627.0,player_option,19841627.0,normal,0.0,normal,0.0,normal,0.0,normal,0.0
Zach LaVine,normal,19500000.0,normal,19500000.0,normal,19500000.0,normal,19500000.0,normal,0.0,normal,0.0
Allen Crabbe,normal,19332500.0,player_option,18500000.0,normal,0.0,normal,0.0,normal,0.0,normal,0.0
Tyler Johnson,normal,19245370.0,player_option,19245370.0,normal,0.0,normal,0.0,normal,0.0,normal,0.0
John Wall,normal,19169800.0,normal,37800000.0,normal,40824000.0,normal,43848000.0,normal,0.0,normal,0.0
Jeff Teague,normal,19000000.0,player_option,19000000.0,normal,0.0,normal,0.0,normal,0.0,normal,0.0
George Hill,normal,19000000.0,normal,18000000.0,normal,0.0,normal,0.0,normal,0.0,normal,0.0
Klay Thompson,normal,18988725.0,normal,0.0,normal,0.0,normal,0.0,normal,0.0,normal,0.0
Enes Kanter,normal,18622514.0,normal,0.0,normal,0.0,normal,0.0,normal,0.0,normal,0.0
Wesley Matthews,normal,18622513.0,normal,0.0,normal,0.0,normal,0.0,normal,0.0,normal,0.0
Joakim Noah,normal,18530000.0,normal,19295000.0,normal,0.0,normal,0.0,normal,0.0,normal,0.0
Goran Dragic,normal,18109175.0,player_option,19217900.0,normal,0.0,normal,0.0,normal,0.0,normal,0.0
Kent Bazemore,normal,18089888.0,player_option,19269663.0,normal,0.0,normal,0.0,normal,0.0,normal,0.0
Luol Deng,normal,18000000.0,normal,18810000.0,normal,0.0,normal,0.0,normal,0.0,normal,0.0
Evan Turner,normal,17868853.0,normal,18606556.0,normal,0.0,normal,0.0,normal,0.0,normal,0.0
Tristan Thompson,normal,17469565.0,normal,18539130.0,normal,0.0,normal,0.0,normal,0.0,normal,0.0
Draymond Green,normal,17469565.0,normal,18539130.0,normal,0.0,normal,0.0,normal,0.0,normal,0.0
Tim Hardaway Jr,normal,17325000.0,normal,18150000.0,player_option,18975000.0,normal,0.0,normal,0.0,normal,0.0
Reggie Jackson,normal,17043478.0,normal,18086956.0,normal,0.0,normal,0.0,normal,0.0,normal,0.0
Bismack Biyombo,normal,17000000.0,player_option,17000000.0,normal,0.0,normal,0.0,normal,0.0,normal,0.0
Evan Fournier,normal,17000000.0,normal,17000000.0,normal,17000000.0,normal,0.0,normal,0.0,normal,0.0
Pau Gasol,normal,16800000.0,normal,16000000.0,normal,0.0,normal,0.0,normal,0.0,normal,0.0
Jonas Valanciunas,normal,16539326.0,player_option,17617976.0,normal,0.0,normal,0.0,normal,0.0,normal,0.0
Gary Harris,normal,16517857.0,normal,17839286.0,normal,19160714.0,normal,20482143.0,normal,0.0,normal,0.0
Andre Iguodala,normal,16000000.0,normal,17185185.0,normal,0.0,normal,0.0,normal,0.0,normal,0.0
Timofey Mozgov,normal,16000000.0,normal,16720000.0,normal,0.0,normal,0.0,normal,0.0,normal,0.0
Ian Mahinmi,normal,16000000.0,normal,16000000.0,normal,0.0,normal,0.0,normal,0.0,normal,0.0
Dennis Schroeder,normal,15500000.0,normal,15500000.0,normal,15500000.0,normal,0.0,normal,0.0,normal,0.0
DeMarre Carroll,normal,15400000.0,normal,0.0,normal,0.0,normal,0.0,normal,0.0,normal,0.0
Gorgui Dieng,normal,15170787.0,normal,16229213.0,normal,17287640.0,normal,0.0,normal,0.0,normal,0.0
Eric Bledsoe,normal,15000000.0,normal,0.0,normal,0.0,normal,0.0,normal,0.0,normal,0.0
Tobias Harris,normal,14800000.0,normal,0.0,normal,0.0,normal,0.0,normal,0.0,normal,0.0
Ricky Rubio,normal,14800000.0,normal,0.0,normal,0.0,normal,0.0,normal,0.0,normal,0.0
JR Smith,normal,14720000.0,normal,15680000.0,normal,0.0,normal,0.0,normal,0.0,normal,0.0
Brandon Knight,normal,14631250.0,normal,15643750.0,normal,0.0,normal,0.0,normal,0.0,normal,0.0
James Johnson,normal,14420700.0,normal,15107400.0,team_option,0.15794,normal,0.0,normal,0.0,normal,0.0
Robin Lopez,normal,14357750.0,normal,0.0,normal,0.0,normal,0.0,normal,0.0,normal,0.0
Marvin Williams,normal,14087500.0,normal,15006250.0,normal,0.0,normal,0.0,normal,0.0,normal,0.0
Taj Gibson,normal,14000000.0,normal,0.0,normal,0.0,normal,0.0,normal,0.0,normal,0.0
Kenneth Faried,normal,13764045.0,normal,0.0,normal,0.0,normal,0.0,normal,0.0,normal,0.0
Thaddeus Young,normal,13764045.0,normal,0.0,normal,0.0,normal,0.0,normal,0.0,normal,0.0
Tyson Chandler,normal,13585000.0,normal,0.0,normal,0.0,normal,0.0,normal,0.0,normal,0.0
Marcin Gortat,normal,13565218.0,normal,0.0,normal,0.0,normal,0.0,normal,0.0,normal,0.0
Cody Zeller,normal,13528090.0,normal,14471910.0,normal,15415730.0,normal,0.0,normal,0.0,normal,0.0
Eric Gordon,normal,13500375.0,normal,14057730.0,normal,0.0,normal,0.0,normal,0.0,normal,0.0
Michael Kidd-Gilchrist,normal,13000000.0,player_option,13000000.0,normal,0.0,normal,0.0,normal,0.0,normal,0.0
Khris Middleton,normal,13000000.0,player_option,13000000.0,normal,0.0,normal,0.0,normal,0.0,normal,0.0
Mason Plumlee,normal,12917808.0,normal,14041096.0,normal,0.0,normal,0.0,normal,0.0,normal,0.0
Wilson Chandler,normal,12800562.0,normal,0.0,normal,0.0,normal,0.0,normal,0.0,normal,0.0
Solomon Hill,normal,12763467.0,normal,13290395.0,normal,0.0,normal,0.0,normal,0.0,normal,0.0
Nikola Vucevic,normal,12750000.0,normal,0.0,normal,0.0,normal,0.0,normal,0.0,normal,0.0
Dion Waiters,normal,12705000.0,normal,13310000.0,normal,13885000.0,normal,0.0,normal,0.0,normal,0.0
Austin Rivers,normal,12650000.0,normal,0.0,normal,0.0,normal,0.0,normal,0.0,normal,0.0
Joe Ingles,normal,12545455.0,normal,11454546.0,normal,10363637.0,normal,0.0,normal,0.0,normal,0.0
Jeremy Lin,normal,12516746.0,normal,0.0,normal,0.0,normal,0.0,normal,0.0,normal,0.0
Jordan Clarkson,normal,12500000.0,normal,13437500.0,normal,0.0,normal,0.0,normal,0.0,normal,0.0
Nikola Mirotic,normal,12500000.0,normal,0.0,normal,0.0,normal,0.0,normal,0.0,normal,0.0
Miles Plumlee,normal,12400000.0,normal,12400000.0,normal,0.0,normal,0.0,normal,0.0,normal,0.0
Tyreke Evans,normal,12400000.0,normal,0.0,normal,0.0,normal,0.0,normal,0.0,normal,0.0
Courtney Lee,normal,12253780.0,normal,12759670.0,normal,0.0,normal,0.0,normal,0.0,normal,0.0
Kemba Walker,normal,12000000.0,normal,0.0,normal,0.0,normal,0.0,normal,0.0,normal,0.0
Kentavious Caldwell-Pope,normal,12000000.0,normal,0.0,normal,0.0,normal,0.0,normal,0.0,normal,0.0
TJ Warren,normal,11750000.0,normal,10810000.0,normal,11750000.0,normal,12690000.0,normal,0.0,normal,0.0
Zach Randolph,normal,11692308.0,normal,0.0,normal,0.0,normal,0.0,normal,0.0,normal,0.0
Patrick Mills,normal,11571429.0,normal,12428571.0,normal,13285714.0,normal,0.0,normal,0.0,normal,0.0
Alec Burks,normal,11536515.0,normal,0.0,normal,0.0,normal,0.0,normal,0.0,normal,0.0
Omer Asik,normal,11286516.0,player_option,11977527.0,normal,0.0,normal,0.0,normal,0.0,normal,0.0
Kelly Olynyk,normal,11137527.0,normal,11667885.0,player_option,12198243.0,normal,0.0,normal,0.0,normal,0.0
Jusuf Nurkic,normal,11111111.0,normal,12000000.0,normal,12888889.0,normal,0.0,normal,0.0,normal,0.0
Iman Shumpert,normal,11011234.0,normal,0.0,normal,0.0,normal,0.0,normal,0.0,normal,0.0
Moe Harkless,normal,10837079.0,normal,11511234.0,normal,0.0,normal,0.0,normal,0.0,normal,0.0
Tony Snell,normal,10607143.0,normal,11392857.0,player_option,12178571.0,normal,0.0,normal,0.0,normal,0.0
Dante Exum,normal,10600000.0,normal,10600000.0,normal,10600000.0,normal,0.0,normal,0.0,normal,0.0
Meyers Leonard,normal,10595506.0,normal,11286515.0,normal,0.0,normal,0.0,normal,0.0,normal,0.0
John Henson,normal,10577466.0,normal,9732396.0,normal,0.0,normal,0.0,normal,0.0,normal,0.0
Bojan Bogdanovic,normal,10500000.0,normal,0.0,normal,0.0,normal,0.0,normal,0.0,normal,0.0
Mirza Teletovic,normal,10500000.0,normal,0.0,normal,0.0,normal,0.0,normal,0.0,normal,0.0
Terrence Ross,normal,10500000.0,normal,0.0,normal,0.0,normal,0.0,normal,0.0,normal,0.0
Robert Covington,normal,10464092.0,normal,11301219.0,normal,12138345.0,normal,12975471.0,normal,0.0,normal,0.0
Jon Leuer,normal,10002681.0,normal,9508043.0,normal,0.0,normal,0.0,normal,0.0,normal,0.0
Andre Roberson,normal,10000000.0,normal,10740740.0,normal,0.0,normal,0.0,normal,0.0,normal,0.0
Darren Collison,normal,10000000.0,normal,0.0,normal,0.0,normal,0.0,normal,0.0,normal,0.0
Danny Green,normal,10000000.0,normal,0.0,normal,0.0,normal,0.0,normal,0.0,normal,0.0
Dwight Powell,normal,9631250.0,player_option,10259375.0,normal,0.0,normal,0.0,normal,0.0,normal,0.0
Matthew Dellavedova,normal,9607500.0,normal,9607500.0,normal,0.0,normal,0.0,normal,0.0,normal,0.0
Jared Dudley,normal,9530000.0,normal,0.0,normal,0.0,normal,0.0,normal,0.0,normal,0.0
Boban Marjanovic,normal,9490740.0,normal,0.0,normal,0.0,normal,0.0,normal,0.0,normal,0.0
Josh Richardson,normal,9367200.0,normal,10116576.0,normal,10865952.0,player_option,11615328.0,normal,0.0,normal,0.0
Norman Powell,normal,9367200.0,normal,10116576.0,normal,10865952.0,normal,11615328.0,normal,0.0,normal,0.0
Bogdan Bogdanovic,normal,9000000.0,normal,8529386.0,normal,0.0,normal,0.0,normal,0.0,normal,0.0
Rajon Rondo,normal,9000000.0,normal,0.0,normal,0.0,normal,0.0,normal,0.0,normal,0.0
E'Twaun Moore,normal,8808685.0,normal,8664928.0,normal,0.0,normal,0.0,normal,0.0,normal,0.0
Kosta Koufos,normal,8739500.0,normal,0.0,normal,0.0,normal,0.0,normal,0.0,normal,0.0
Fred VanVleet,normal,8653847.0,normal,8653847.0,normal,0.0,normal,0.0,normal,0.0,normal,0.0
Kyle Anderson,normal,8641000.0,normal,9073050.0,normal,9505100.0,normal,9937150.0,normal,0.0,normal,0.0
Markieff Morris,normal,8600000.0,normal,0.0,normal,0.0,normal,0.0,normal,0.0,normal,0.0
Jerryd Bayless,normal,8575916.0,normal,0.0,normal,0.0,normal,0.0,normal,0.0,normal,0.0
Cristiano Felicio,normal,8470980.0,normal,8156500.0,normal,7529020.0,normal,0.0,normal,0.0,normal,0.0
Markelle Fultz,normal,8339880.0,team_option,0.09745,team_option,0.12288,qualifying_offer,0.15975,normal,0.0,normal,0.0
Jerami Grant,normal,8333333.0,normal,9000000.0,normal,9666666.0,normal,0.0,normal,0.0,normal,0.0
CJ Miles,normal,8333333.0,player_option,8730158.0,normal,0.0,normal,0.0,normal,0.0,normal,0.0
Shaun Livingston,normal,8307692.0,normal,7692308.0,normal,0.0,normal,0.0,normal,0.0,normal,0.0
Deandre Ayton,normal,8175840.0,normal,9575040.0,team_option,0.10031,team_option,0.12649,qualifying_offer,0.16444,normal,0.0
Louis Williams,normal,8000000.0,normal,8000000.0,normal,8000000.0,normal,0.0,normal,0.0,normal,0.0
Garrett Temple,normal,8000000.0,normal,0.0,normal,0.0,normal,0.0,normal,0.0,normal,0.0
PJ Tucker,normal,7959537.0,normal,8349039.0,normal,7969537.0,normal,0.0,normal,0.0,normal,0.0
Cory Joseph,normal,7945000.0,normal,0.0,normal,0.0,normal,0.0,normal,0.0,normal,0.0
JaMychal Green,normal,7866667.0,normal,0.0,normal,0.0,normal,0.0,normal,0.0,normal,0.0
Karl-Anthony Towns,normal,7839435.0,qualifying_offer,0.10191,normal,0.0,normal,0.0,normal,0.0,normal,0.0
Kyle Korver,normal,7560000.0,normal,7500000.0,normal,0.0,normal,0.0,normal,0.0,normal,0.0
Darrell Arthur,normal,7464912.0,normal,0.0,normal,0.0,normal,0.0,normal,0.0,normal,0.0
Lonzo Ball,normal,7461960.0,team_option,0.08719,team_option,0.11003,qualifying_offer,0.14359,normal,0.0,normal,0.0
Marvin Bagley,normal,7314960.0,normal,8567040.0,team_option,0.08975,team_option,0.11326,qualifying_offer,0.14781,normal,0.0
Jae Crowder,normal,7305825.0,normal,7815533.0,normal,0.0,normal,0.0,normal,0.0,normal,0.0
DJ Augustin,normal,7250000.0,normal,7250000.0,normal,0.0,normal,0.0,normal,0.0,normal,0.0
Lance Thomas,normal,7119650.0,normal,7583975.0,normal,0.0,normal,0.0,normal,0.0,normal,0.0
D'Angelo Russell,normal,7019698.0,qualifying_offer,0.0916,normal,0.0,normal,0.0,normal,0.0,normal,0.0
Langston Galloway,normal,7000000.0,normal,7333333.0,normal,0.0,normal,0.0,normal,0.0,normal,0.0
Jeremy Lamb,normal,7000000.0,normal,0.0,normal,0.0,normal,0.0,normal,0.0,normal,0.0
Al-Farouq Aminu,normal,6957105.0,normal,0.0,normal,0.0,normal,0.0,normal,0.0,normal,0.0
Jayson Tatum,normal,6700800.0,team_option,0.0783,team_option,0.09897,qualifying_offer,0.12985,normal,0.0,normal,0.0
Luka Doncic,normal,6569040.0,normal,7693200.0,team_option,0.08059,team_option,0.10187,qualifying_offer,0.13365,normal,0.0
Ben Simmons,normal,6434520.0,team_option,0.08113,qualifying_offer,0.10548,normal,0.0,normal,0.0,normal,0.0
Dewayne Dedmon,normal,6300000.0,normal,0.0,normal,0.0,normal,0.0,normal,0.0,normal,0.0
Milos Teodosic,normal,6300000.0,normal,0.0,normal,0.0,normal,0.0,normal,0.0,normal,0.0
Wesley Johnson,normal,6134000.0,normal,0.0,normal,0.0,normal,0.0,normal,0.0,normal,0.0
Josh Jackson,normal,6041520.0,team_option,0.07059,team_option,0.0893,qualifying_offer,0.11778,normal,0.0,normal,0.0
Jonathon Simmons,normal,6000000.0,normal,5700000.0,normal,0.0,normal,0.0,normal,0.0,normal,0.0
Ishmael Smith,normal,6000000.0,normal,0.0,normal,0.0,normal,0.0,normal,0.0,normal,0.0
Jaren Jackson,normal,5922720.0,normal,6936360.0,team_option,0.07266,team_option,0.09192,qualifying_offer,0.12124,normal,0.0
Brandon Ingram,normal,5757120.0,team_option,0.07265,qualifying_offer,0.09481,normal,0.0,normal,0.0,normal,0.0
Anthony Tolliver,normal,5750000.0,normal,0.0,normal,0.0,normal,0.0,normal,0.0,normal,0.0
Kristaps Porzingis,normal,5697054.0,qualifying_offer,0.07514,normal,0.0,normal,0.0,normal,0.0,normal,0.0
Deron Williams,normal,5474787.0,normal,5474787.0,normal,0.0,normal,0.0,normal,0.0,normal,0.0
De'Aaron Fox,normal,5470920.0,team_option,0.06392,team_option,0.08099,qualifying_offer,0.1074,normal,0.0,normal,0.0
Ben McLemore,normal,5460000.0,normal,0.0,normal,0.0,normal,0.0,normal,0.0,normal,0.0
Alex Abrines,normal,5455236.0,normal,0.0,normal,0.0,normal,0.0,normal,0.0,normal,0.0
Patrick Patterson,normal,5451600.0,player_option,5711200.0,normal,0.0,normal,0.0,normal,0.0,normal,0.0
Jason Smith,normal,5450000.0,normal,0.0,normal,0.0,normal,0.0,normal,0.0,normal,0.0
Marcus Morris,normal,5375000.0,normal,0.0,normal,0.0,normal,0.0,normal,0.0,normal,0.0
Trae Young,normal,5363280.0,normal,6281280.0,team_option,0.0658,team_option,0.08337,qualifying_offer,0.11055,normal,0.0
DeMarcus Cousins,normal,5337000.0,normal,0.0,normal,0.0,normal,0.0,normal,0.0,normal,0.0
Josh Smith,normal,5331729.0,normal,5331729.0,normal,0.0,normal,0.0,normal,0.0,normal,0.0
Alexis Ajinca,normal,5285394.0,normal,0.0,normal,0.0,normal,0.0,normal,0.0,normal,0.0
Thabo Sefolosha,normal,5250000.0,normal,0.0,normal,0.0,normal,0.0,normal,0.0,normal,0.0
Aron Baynes,normal,5193600.0,normal,0.0,normal,0.0,normal,0.0,normal,0.0,normal,0.0
Jaylen Brown,normal,5169960.0,team_option,0.06534,qualifying_offer,0.08573,normal,0.0,normal,0.0,normal,0.0
Patrick Beverley,normal,5027028.0,normal,0.0,normal,0.0,normal,0.0,normal,0.0,normal,0.0
Mike Muscala,normal,5000000.0,normal,0.0,normal,0.0,normal,0.0,normal,0.0,normal,0.0
Kyle Singler,normal,4996000.0,normal,5333500.0,normal,0.0,normal,0.0,normal,0.0,normal,0.0
Jonathan Isaac,normal,4969080.0,team_option,0.05806,team_option,0.07362,qualifying_offer,0.09821,normal,0.0,normal,0.0
Mohamed Bamba,normal,4871280.0,normal,5704920.0,team_option,0.05976,team_option,0.07578,qualifying_offer,0.10109,normal,0.0
Willie Cauley-Stein,normal,4696874.0,qualifying_offer,0.06265,normal,0.0,normal,0.0,normal,0.0,normal,0.0
Dragan Bender,normal,4661280.0,team_option,0.05896,qualifying_offer,0.07777,normal,0.0,normal,0.0,normal,0.0
Jamal Murray,normal,4549740.0,team_option,0.06444,qualifying_offer,0.0596,normal,0.0,normal,0.0,normal,0.0
Ron Baker,normal,4544000.0,normal,0.0,normal,0.0,normal,0.0,normal,0.0,normal,0.0
Lauri Markkanen,normal,4536120.0,team_option,0.053,team_option,0.06731,qualifying_offer,0.09026,normal,0.0,normal,0.0
Justin Holiday,normal,4500000.0,normal,0.0,normal,0.0,normal,0.0,normal,0.0,normal,0.0
Wendell Carter,normal,4446840.0,normal,5208000.0,team_option,0.05455,team_option,0.06929,qualifying_offer,0.09291,normal,0.0
Luc Mbah a Moute,normal,4320500.0,normal,0.0,normal,0.0,normal,0.0,normal,0.0,normal,0.0
Emmanuel Mudiay,normal,4294479.0,qualifying_offer,0.05758,normal,0.0,normal,0.0,normal,0.0,normal,0.0
Kris Dunn,normal,4221000.0,team_option,0.05348,qualifying_offer,0.07091,normal,0.0,normal,0.0,normal,0.0
Frank Ntilikina,normal,4155720.0,team_option,0.04855,team_option,0.06176,qualifying_offer,0.08326,normal,0.0,normal,0.0
Glenn Robinson III,normal,4075000.0,team_option,0.04278,normal,0.0,normal,0.0,normal,0.0,normal,0.0
Collin Sexton,normal,4073760.0,normal,4771080.0,team_option,0.04998,team_option,0.06357,qualifying_offer,0.0857,normal,0.0
Al Jefferson,normal,4000000.0,normal,0.0,normal,0.0,normal,0.0,normal,0.0,normal,0.0
Stanley Johnson,normal,3940401.0,qualifying_offer,0.05311,normal,0.0,normal,0.0,normal,0.0,normal,0.0
Buddy Hield,normal,3833760.0,team_option,0.04861,qualifying_offer,0.06484,normal,0.0,normal,0.0,normal,0.0
Dennis Smith,normal,3819960.0,team_option,0.04463,team_option,0.05686,qualifying_offer,0.07705,normal,0.0,normal,0.0
Kevin Knox,normal,3744840.0,normal,4385640.0,team_option,0.04594,team_option,0.05853,qualifying_offer,0.07931,normal,0.0
Jose Juan Barea,normal,3710850.0,normal,0.0,normal,0.0,normal,0.0,normal,0.0,normal,0.0
NenÃª,normal,3651480.0,normal,4825360.0,normal,0.0,normal,0.0,normal,0.0,normal,0.0
Thon Maker,normal,3639636.0,team_option,0.05175,qualifying_offer,0.04861,normal,0.0,normal,0.0,normal,0.0
Zach Collins,normal,3628920.0,team_option,0.0424,team_option,0.05406,qualifying_offer,0.07363,normal,0.0,normal,0.0
Frank Kaminsky,normal,3627842.0,qualifying_offer,0.04915,normal,0.0,normal,0.0,normal,0.0,normal,0.0
Mikal Bridges,normal,3557400.0,normal,4166280.0,team_option,0.04364,team_option,0.05564,qualifying_offer,0.07579,normal,0.0
Jodie Meeks,normal,3454500.0,normal,0.0,normal,0.0,normal,0.0,normal,0.0,normal,0.0
Justise Winslow,normal,3448926.0,qualifying_offer,0.04697,normal,0.0,normal,0.0,normal,0.0,normal,0.0
Malik Monk,normal,3447480.0,team_option,0.04028,team_option,0.05345,qualifying_offer,0.07318,normal,0.0,normal,0.0
Shai Gilgeous-Alexander,normal,3379560.0,normal,3957960.0,team_option,0.04146,team_option,0.05502,qualifying_offer,0.07532,normal,0.0
Trey Lyles,normal,3364249.0,qualifying_offer,0.03706,normal,0.0,normal,0.0,normal,0.0,normal,0.0
Ekpe Udoh,normal,3360000.0,normal,0.0,normal,0.0,normal,0.0,normal,0.0,normal,0.0
Devin Booker,normal,3314365.0,normal,0.0,normal,0.0,normal,0.0,normal,0.0,normal,0.0
Myles Turner,normal,3294994.0,qualifying_offer,0.0451,normal,0.0,normal,0.0,normal,0.0,normal,0.0
Dario Saric,normal,3284892.0,team_option,0.04526,qualifying_offer,0.06228,normal,0.0,normal,0.0,normal,0.0
Luke Kennard,normal,3275280.0,team_option,0.03827,team_option,0.05273,qualifying_offer,0.07256,normal,0.0,normal,0.0
Cameron Payne,normal,3263294.0,qualifying_offer,0.04539,normal,0.0,normal,0.0,normal,0.0,normal,0.0
Troy Daniels,normal,3258539.0,normal,0.0,normal,0.0,normal,0.0,normal,0.0,normal,0.0
Rondae Hollis-Jefferson,normal,3211464.0,qualifying_offer,0.03594,normal,0.0,normal,0.0,normal,0.0,normal,0.0
Kelly Oubre,normal,3208630.0,qualifying_offer,0.04485,normal,0.0,normal,0.0,normal,0.0,normal,0.0
Miles Bridges,normal,3206640.0,normal,3755400.0,team_option,0.03934,team_option,0.05421,qualifying_offer,0.07469,normal,0.0
Marquese Chriss,normal,3206160.0,team_option,0.04078,qualifying_offer,0.05497,normal,0.0,normal,0.0,normal,0.0
Tomas Satoransky,normal,3129187.0,normal,0.0,normal,0.0,normal,0.0,normal,0.0,normal,0.0
Donovan Mitchell,normal,3111480.0,team_option,0.03635,team_option,0.05195,qualifying_offer,0.07185,normal,0.0,normal,0.0
Terry Rozier,normal,3050389.0,qualifying_offer,0.04285,normal,0.0,normal,0.0,normal,0.0,normal,0.0
Jerome Robinson,normal,3050160.0,normal,3572280.0,team_option,0.03742,team_option,0.05347,qualifying_offer,0.07396,normal,0.0
Bam Adebayo,normal,2955840.0,team_option,0.03454,team_option,0.05115,qualifying_offer,0.07115,normal,0.0,normal,0.0
Jakob Poeltl,normal,2947320.0,team_option,0.03754,qualifying_offer,0.05087,normal,0.0,normal,0.0,normal,0.0
Michael Porter,normal,2897760.0,normal,3393720.0,team_option,0.03555,team_option,0.05265,qualifying_offer,0.07324,normal,0.0
Andrew Nicholson,normal,2844429.0,normal,2844429.0,normal,2844429.0,normal,2844429.0,normal,2844429.0,normal,0.0
Justin Jackson,normal,2807880.0,team_option,0.0328,team_option,0.05029,qualifying_offer,0.07031,normal,0.0,normal,0.0
Cedi Osman,normal,2775000.0,normal,2907143.0,normal,0.0,normal,0.0,normal,0.0,normal,0.0
Sam Dekker,normal,2760094.0,qualifying_offer,0.03916,normal,0.0,normal,0.0,normal,0.0,normal,0.0
Troy Brown,normal,2752680.0,normal,3223680.0,team_option,0.03377,team_option,0.05177,qualifying_offer,0.07237,normal,0.0
Guerschon Yabusele,normal,2667600.0,team_option,0.03117,team_option,0.04781,qualifying_offer,0.06718,normal,0.0,normal,0.0
Justin Patton,normal,2667600.0,team_option,0.03117,team_option,0.04781,qualifying_offer,0.06718,normal,0.0,normal,0.0
Domantas Sabonis,normal,2659800.0,team_option,0.03529,qualifying_offer,0.04831,normal,0.0,normal,0.0,normal,0.0
Jerian Grant,normal,2639313.0,qualifying_offer,0.03763,normal,0.0,normal,0.0,normal,0.0,normal,0.0
Zhaire Smith,normal,2615160.0,normal,3062760.0,team_option,0.03208,team_option,0.04922,qualifying_offer,0.06915,normal,0.0
Richard Jefferson,normal,2612500.0,normal,0.0,normal,0.0,normal,0.0,normal,0.0,normal,0.0
Delon Wright,normal,2536898.0,qualifying_offer,0.03635,normal,0.0,normal,0.0,normal,0.0,normal,0.0
DJ Wilson,normal,2534280.0,team_option,0.02961,team_option,0.04548,qualifying_offer,0.06422,normal,0.0,normal,0.0
Taurean Prince,normal,2526840.0,team_option,0.03481,qualifying_offer,0.04791,normal,0.0,normal,0.0,normal,0.0
Justin Anderson,normal,2516047.0,qualifying_offer,0.03625,normal,0.0,normal,0.0,normal,0.0,normal,0.0
Reggie Bullock,normal,2500000.0,normal,0.0,normal,0.0,normal,0.0,normal,0.0,normal,0.0
Manu Ginobili,normal,2500000.0,normal,0.0,normal,0.0,normal,0.0,normal,0.0,normal,0.0
Bobby Portis,normal,2494346.0,qualifying_offer,0.03611,normal,0.0,normal,0.0,normal,0.0,normal,0.0
Donte DiVincenzo,normal,2484360.0,normal,2909640.0,team_option,0.03048,team_option,0.04681,qualifying_offer,0.0661,normal,0.0
Emeka Okafor,normal,2445085.0,normal,0.0,normal,0.0,normal,0.0,normal,0.0,normal,0.0
Tyus Jones,normal,2444052.0,qualifying_offer,0.03573,normal,0.0,normal,0.0,normal,0.0,normal,0.0
Jarell Martin,normal,2416221.0,normal,0.0,normal,0.0,normal,0.0,normal,0.0,normal,0.0
TJ Leaf,normal,2407560.0,team_option,0.02813,team_option,0.04326,qualifying_offer,0.06139,normal,0.0,normal,0.0
Georgios Papagiannis,normal,2400480.0,normal,0.0,normal,0.0,normal,0.0,normal,0.0,normal,0.0
JaVale McGee,normal,2393887.0,normal,0.0,normal,0.0,normal,0.0,normal,0.0,normal,0.0
Lonnie Walker,normal,2360160.0,normal,2764200.0,team_option,0.02895,team_option,0.04453,qualifying_offer,0.06319,normal,0.0
Jamal Crawford,normal,2304226.0,normal,0.0,normal,0.0,normal,0.0,normal,0.0,normal,0.0
John Collins,normal,2299080.0,team_option,0.02686,team_option,0.04137,qualifying_offer,0.05899,normal,0.0,normal,0.0
Denzel Valentine,normal,2280600.0,team_option,0.03377,qualifying_offer,0.04698,normal,0.0,normal,0.0,normal,0.0
Larry Nance Jr,normal,2272390.0,qualifying_offer,0.03369,normal,0.0,normal,0.0,normal,0.0,normal,0.0
Kevin Huerter,normal,2253840.0,normal,2639640.0,team_option,0.02765,team_option,0.04258,qualifying_offer,0.06072,normal,0.0
Monta Ellis,normal,2245400.0,normal,2245400.0,normal,2245400.0,normal,2245400.0,normal,0.0,normal,0.0
Brandon Jennings,normal,2222803.0,normal,0.0,normal,0.0,normal,0.0,normal,0.0,normal,0.0
Harry Giles,normal,2207040.0,team_option,0.02578,team_option,0.03976,qualifying_offer,0.05698,normal,0.0,normal,0.0
Darius Miller,normal,2205000.0,normal,0.0,normal,0.0,normal,0.0,normal,0.0,normal,0.0
Derrick Rose,normal,2176260.0,normal,0.0,normal,0.0,normal,0.0,normal,0.0,normal,0.0
Juan Hernangomez,normal,2166360.0,team_option,0.03321,qualifying_offer,0.04642,normal,0.0,normal,0.0,normal,0.0
Josh Okogie,normal,2163600.0,normal,2533920.0,team_option,0.02654,team_option,0.04093,qualifying_offer,0.05865,normal,0.0
Terrance Ferguson,normal,2118840.0,team_option,0.02475,team_option,0.03944,qualifying_offer,0.05683,normal,0.0,normal,0.0
Raul Neto,normal,2100000.0,normal,2100000.0,normal,0.0,normal,0.0,normal,0.0,normal,0.0
Grayson Allen,normal,2076960.0,normal,2432520.0,team_option,0.02548,team_option,0.04059,qualifying_offer,0.05849,normal,0.0
Jarrett Allen,normal,2034120.0,team_option,0.02376,team_option,0.03909,qualifying_offer,0.05661,normal,0.0,normal,0.0
Isaiah Thomas,normal,2029463.0,normal,0.0,normal,0.0,normal,0.0,normal,0.0,normal,0.0
Spencer Hawes,normal,2007058.0,normal,2007058.0,normal,0.0,normal,0.0,normal,0.0,normal,0.0
Torrey Craig,normal,2000000.0,normal,2000000.0,normal,0.0,normal,0.0,normal,0.0,normal,0.0
Cole Aldrich,normal,2000000.0,normal,0.0,normal,0.0,normal,0.0,normal,0.0,normal,0.0
Chandler Hutchison,normal,1994040.0,normal,2335440.0,team_option,0.02446,team_option,0.04024,qualifying_offer,0.05827,normal,0.0
Ante Zizic,normal,1952760.0,team_option,0.02281,team_option,0.03872,qualifying_offer,0.05634,normal,0.0,normal,0.0
OG Anunoby,normal,1952760.0,team_option,0.02281,team_option,0.03872,qualifying_offer,0.05634,normal,0.0,normal,0.0
Aaron Holiday,normal,1914480.0,normal,2241960.0,team_option,0.02348,team_option,0.03986,qualifying_offer,0.05799,normal,0.0
Timothe Luwawu,normal,1880268.0,team_option,0.03288,qualifying_offer,0.03698,normal,0.0,normal,0.0,normal,0.0
Tyler Lydon,normal,1874640.0,team_option,0.0219,team_option,0.03831,qualifying_offer,0.05601,normal,0.0,normal,0.0
Henry Ellenson,normal,1857480.0,team_option,0.02856,qualifying_offer,0.04053,normal,0.0,normal,0.0,normal,0.0
Anfernee Simons,normal,1837800.0,normal,2152440.0,team_option,0.02254,team_option,0.03943,qualifying_offer,0.05765,normal,0.0
Malik Beasley,normal,1773840.0,team_option,0.02731,qualifying_offer,0.03895,normal,0.0,normal,0.0,normal,0.0
Moritz Wagner,normal,1764240.0,normal,2066040.0,team_option,0.02164,team_option,0.03898,qualifying_offer,0.05727,normal,0.0
Nerlens Noel,normal,1757429.0,normal,1988119.0,normal,0.0,normal,0.0,normal,0.0,normal,0.0
Michael Carter-Williams,normal,1757429.0,normal,0.0,normal,0.0,normal,0.0,normal,0.0,normal,0.0
Ian Clark,normal,1757429.0,normal,0.0,normal,0.0,normal,0.0,normal,0.0,normal,0.0
Furkan Korkmaz,normal,1740000.0,team_option,0.02033,team_option,0.03665,qualifying_offer,0.0541,normal,0.0,normal,0.0
Caleb Swanigan,normal,1740000.0,team_option,0.02033,team_option,0.03665,qualifying_offer,0.0541,normal,0.0,normal,0.0
Landry Shamet,normal,1705920.0,normal,1997640.0,team_option,0.02092,team_option,0.03773,qualifying_offer,0.05569,normal,0.0
Caris LeVert,normal,1702800.0,team_option,0.02625,qualifying_offer,0.03762,normal,0.0,normal,0.0,normal,0.0
Kyle Kuzma,normal,1689840.0,team_option,0.01974,team_option,0.03562,qualifying_offer,0.05282,normal,0.0,normal,0.0
Tony Bradley,normal,1679520.0,team_option,0.01962,team_option,0.03542,qualifying_offer,0.05277,normal,0.0,normal,0.0
Derrick White,normal,1667160.0,team_option,0.01948,team_option,0.03516,qualifying_offer,0.05274,normal,0.0,normal,0.0
Robert Williams,normal,1656600.0,normal,1940160.0,team_option,0.02032,team_option,0.03666,qualifying_offer,0.05437,normal,0.0
Spencer Dinwiddie,normal,1656092.0,normal,0.0,normal,0.0,normal,0.0,normal,0.0,normal,0.0
MarShon Brooks,normal,1656092.0,normal,0.0,normal,0.0,normal,0.0,normal,0.0,normal,0.0
Josh Hart,normal,1655160.0,team_option,0.01934,team_option,0.03491,qualifying_offer,0.05236,normal,0.0,normal,0.0
Jacob Evans,normal,1646400.0,normal,1928280.0,team_option,0.02019,team_option,0.03646,qualifying_offer,0.05432,normal,0.0
DeAndre Bembry,normal,1634640.0,team_option,0.02603,qualifying_offer,0.03752,normal,0.0,normal,0.0,normal,0.0
Dzanan Musa,normal,1634400.0,normal,1914120.0,team_option,0.02005,team_option,0.03619,qualifying_offer,0.05429,normal,0.0
Omari Spellman,normal,1622520.0,normal,1900200.0,team_option,0.0199,team_option,0.03593,qualifying_offer,0.0539,normal,0.0
Nik Stauskas,normal,1621415.0,normal,0.0,normal,0.0,normal,0.0,normal,0.0,normal,0.0
Luke Kornet,normal,1619260.0,normal,0.0,normal,0.0,normal,0.0,normal,0.0,normal,0.0
TJ McConnell,normal,1600520.0,normal,0.0,normal,0.0,normal,0.0,normal,0.0,normal,0.0
Richaun Holmes,normal,1600520.0,normal,0.0,normal,0.0,normal,0.0,normal,0.0,normal,0.0
Malachi Richardson,normal,1569360.0,team_option,0.02581,qualifying_offer,0.03738,normal,0.0,normal,0.0,normal,0.0
Okaro White,normal,1544951.0,normal,0.0,normal,0.0,normal,0.0,normal,0.0,normal,0.0
Quinn Cook,normal,1544951.0,normal,0.0,normal,0.0,normal,0.0,normal,0.0,normal,0.0
Damian Jones,normal,1544951.0,team_option,0.02305,qualifying_offer,0.03457,normal,0.0,normal,0.0,normal,0.0
Chinanu Onuaku,normal,1544951.0,normal,0.0,normal,0.0,normal,0.0,normal,0.0,normal,0.0
Ivica Zubac,normal,1544951.0,normal,0.0,normal,0.0,normal,0.0,normal,0.0,normal,0.0
Wayne Selden,normal,1544951.0,normal,0.0,normal,0.0,normal,0.0,normal,0.0,normal,0.0
Rodney McGruder,normal,1544951.0,normal,0.0,normal,0.0,normal,0.0,normal,0.0,normal,0.0
Malcolm Brogdon,normal,1544951.0,normal,0.0,normal,0.0,normal,0.0,normal,0.0,normal,0.0
Jake Layman,normal,1544951.0,normal,0.0,normal,0.0,normal,0.0,normal,0.0,normal,0.0
Deyonta Davis,normal,1544951.0,normal,0.0,normal,0.0,normal,0.0,normal,0.0,normal,0.0
Skal Labissiere,normal,1544951.0,team_option,0.02338,qualifying_offer,0.03484,normal,0.0,normal,0.0,normal,0.0
Dejounte Murray,normal,1544951.0,team_option,0.02321,qualifying_offer,0.03482,normal,0.0,normal,0.0,normal,0.0
Pascal Siakam,normal,1544951.0,team_option,0.02351,qualifying_offer,0.03487,normal,0.0,normal,0.0,normal,0.0
David Stockton,normal,1544951.0,normal,0.0,normal,0.0,normal,0.0,normal,0.0,normal,0.0
Derrick Jones,normal,1512601.0,normal,1645357.0,normal,0.0,normal,0.0,normal,0.0,normal,0.0
Willy Hernangomez,normal,1496500.0,normal,1557250.0,normal,0.0,normal,0.0,normal,0.0,normal,0.0
Zhou Qi,normal,1378242.0,normal,1618520.0,normal,1752950.0,normal,0.0,normal,0.0,normal,0.0
Jawun Evans,normal,1378242.0,normal,1618520.0,normal,0.0,normal,0.0,normal,0.0,normal,0.0
Sindarius Thornwell,normal,1378242.0,normal,1618520.0,normal,0.0,normal,0.0,normal,0.0,normal,0.0
Ivan Rabb,normal,1378242.0,normal,1618520.0,normal,0.0,normal,0.0,normal,0.0,normal,0.0
Damyean Dotson,normal,1378242.0,normal,1618520.0,normal,0.0,normal,0.0,normal,0.0,normal,0.0
Davon Reed,normal,1378242.0,normal,1618520.0,team_option,0.01752,normal,0.0,normal,0.0,normal,0.0
Royce O'Neale,normal,1378242.0,normal,1618520.0,normal,0.0,normal,0.0,normal,0.0,normal,0.0
Tyler Dorsey,normal,1378242.0,normal,0.0,normal,0.0,normal,0.0,normal,0.0,normal,0.0
Semi Ojeleye,normal,1378242.0,team_option,0.01618,team_option,0.01752,normal,0.0,normal,0.0,normal,0.0
Daniel Theis,normal,1378242.0,normal,0.0,normal,0.0,normal,0.0,normal,0.0,normal,0.0
Dwayne Bacon,normal,1378242.0,team_option,0.01618,qualifying_offer,0.02023,normal,0.0,normal,0.0,normal,0.0
Jordan Bell,normal,1378242.0,normal,0.0,normal,0.0,normal,0.0,normal,0.0,normal,0.0
CJ Williams,normal,1378242.0,normal,0.0,normal,0.0,normal,0.0,normal,0.0,normal,0.0
Dillon Brooks,normal,1378242.0,team_option,0.01618,normal,0.0,normal,0.0,normal,0.0,normal,0.0
Rade Zagorac,normal,1378242.0,normal,0.0,normal,0.0,normal,0.0,normal,0.0,normal,0.0
Sterling Brown,normal,1378242.0,team_option,0.01618,normal,0.0,normal,0.0,normal,0.0,normal,0.0
Frank Jackson,normal,1378242.0,team_option,0.01618,normal,0.0,normal,0.0,normal,0.0,normal,0.0
Rodney Purvis,normal,1378242.0,normal,0.0,normal,0.0,normal,0.0,normal,0.0,normal,0.0
Khem Birch,normal,1378242.0,normal,0.0,normal,0.0,normal,0.0,normal,0.0,normal,0.0
Wesley Iwundu,normal,1378242.0,normal,0.0,normal,0.0,normal,0.0,normal,0.0,normal,0.0
Dakari Johnson,normal,1378242.0,normal,0.0,normal,0.0,normal,0.0,normal,0.0,normal,0.0
Frank Mason,normal,1378242.0,normal,0.0,normal,0.0,normal,0.0,normal,0.0,normal,0.0
Brandon Paul,normal,1378242.0,normal,0.0,normal,0.0,normal,0.0,normal,0.0,normal,0.0
Elie Okobo,normal,1238464.0,normal,1416852.0,team_option,0.01663,team_option,0.01802,normal,0.0,normal,0.0
Eric Moreland,normal,1200000.0,normal,0.0,normal,0.0,normal,0.0,normal,0.0,normal,0.0
Melvin Frazier,normal,1050000.0,normal,1416852.0,team_option,0.01663,normal,0.0,normal,0.0,normal,0.0
Isaac Bonga,normal,1000000.0,normal,1416852.0,normal,1663861.0,normal,0.0,normal,0.0,normal,0.0
Justin Hamilton,normal,1000000.0,normal,1000000.0,normal,0.0,normal,0.0,normal,0.0,normal,0.0
Shelvin Mack,normal,1000000.0,normal,0.0,normal,0.0,normal,0.0,normal,0.0,normal,0.0
Alan Williams,normal,1000000.0,normal,0.0,normal,0.0,normal,0.0,normal,0.0,normal,0.0
Jason Thompson,normal,893333.0,normal,0.0,normal,0.0,normal,0.0,normal,0.0,normal,0.0
Gary Trent Jr,normal,838464.0,normal,1416852.0,normal,0.0,normal,0.0,normal,0.0,normal,0.0
Gary Clark,normal,838464.0,normal,0.0,normal,0.0,normal,0.0,normal,0.0,normal,0.0
Abdel Nader,normal,450000.0,normal,0.0,normal,0.0,normal,0.0,normal,0.0,normal,0.0
Demetrius Jackson,normal,92857.0,normal,92857.0,normal,92857.0,normal,92857.0,normal,92857.0,normal,0.0
Jaylen Adams,two_way_contract,75000.0,normal,0.0,normal,0.0,normal,0.0,normal,0.0,normal,0.0
JP Macura,two_way_contract,75000.0,normal,0.0,normal,0.0,normal,0.0,normal,0.0,normal,0.0
Billy Preston,two_way_contract,75000.0,normal,0.0,normal,0.0,normal,0.0,normal,0.0,normal,0.0
Kostas Antetokounmpo,two_way_contract,75000.0,normal,0.0,normal,0.0,normal,0.0,normal,0.0,normal,0.0
Thomas Welsh,two_way_contract,75000.0,normal,0.0,normal,0.0,normal,0.0,normal,0.0,normal,0.0
Damion Lee,two_way_contract,75000.0,normal,0.0,normal,0.0,normal,0.0,normal,0.0,normal,0.0
Angel Delgado,two_way_contract,75000.0,normal,0.0,normal,0.0,normal,0.0,normal,0.0,normal,0.0
Yuta Watanabe,two_way_contract,75000.0,normal,0.0,normal,0.0,normal,0.0,normal,0.0,normal,0.0
Duncan Robinson,two_way_contract,75000.0,normal,0.0,normal,0.0,normal,0.0,normal,0.0,normal,0.0
Jared Terrell,two_way_contract,75000.0,normal,0.0,normal,0.0,normal,0.0,normal,0.0,normal,0.0
Trevon Bluiett,two_way_contract,75000.0,normal,0.0,normal,0.0,normal,0.0,normal,0.0,normal,0.0
Isaiah Hicks,two_way_contract,75000.0,normal,0.0,normal,0.0,normal,0.0,normal,0.0,normal,0.0
Allonzo Trier,two_way_contract,75000.0,normal,0.0,normal,0.0,normal,0.0,normal,0.0,normal,0.0
Deonte Burton,two_way_contract,75000.0,normal,0.0,normal,0.0,normal,0.0,normal,0.0,normal,0.0
Troy Caupain,two_way_contract,75000.0,normal,0.0,normal,0.0,normal,0.0,normal,0.0,normal,0.0
George King,two_way_contract,75000.0,normal,0.0,normal,0.0,normal,0.0,normal,0.0,normal,0.0
